{"name": "circle", "degree": 3, "CVs": [[9.48015655162034e-16, 1.5672232497824479, 1.56722324978245], [-1.357146464622185e-16, 2.2163883751087763, -2.528634121565864e-16], [-1.1399451488015718e-15, 1.5672232497824488, -1.5672232497824485], [-1.4764112433343808e-15, 8.642985063724773e-16, -2.216388375108776], [-9.480156551620332e-16, -1.5672232497824479, -1.567223249782449], [1.357146464622178e-16, -2.2163883751087763, -6.67841072718104e-16], [1.1399451488015712e-15, -1.5672232497824485, 1.5672232497824476], [1.4764112433343808e-15, -9.683819149310857e-16, 2.216388375108776], [9.48015655162034e-16, 1.5672232497824479, 1.56722324978245]]}