{"name": "octogon", "degree": 1, "form": 1, "knots": [0.0, 1.0, 2.0, 3.0, 4.0, 5.0, 6.0, 7.0, 8.0], "CVs": [[0.0, -0.7071067094802856, -0.7071067094802856], [0.0, 0.0, -0.9999998807907104], [0.0, 0.7071067094802856, -0.7071067094802856], [0.0, 1.0, 0.0], [0.0, 0.7071067690849304, 0.7071067690849304], [0.0, 0.0, 0.9999999403953552], [0.0, -0.7071067094802856, 0.7071067094802856], [0.0, -0.9999998807907104, 0.0], [0.0, -0.7071067094802856, -0.7071067094802856]]}