{"name": "point", "degree": 1, "form": 1, "knots": [0.0, 1.0, 2.0, 3.0, 4.0, 5.0, 6.0, 7.0, 8.0, 9.0, 10.0, 11.0, 12.0], "CVs": [[0.0, 2.003823757171631, 4.329780963457767e-17], [9.272584833297515e-08, 3.3533356189727783, 0.7071067690849304], [-0.7071067690849304, 3.3533356189727783, 6.181723932741079e-08], [0.0, 2.003823757171631, 4.329780963457767e-17], [-3.0908619663705394e-08, 3.3533356189727783, -0.7071067690849304], [0.7071067690849304, 3.3533356189727783, -4.329780632585522e-17], [0.0, 2.003823757171631, 4.329780963457767e-17], [9.272584833297515e-08, 3.3533356189727783, 0.7071067690849304], [0.7071067690849304, 3.3533356189727783, -4.329780632585522e-17], [-3.0908619663705394e-08, 3.3533356189727783, -0.7071067690849304], [-0.7071067690849304, 3.3533356189727783, 6.181723932741079e-08], [0.0, 2.003823757171631, 4.329780963457767e-17], [0.0, 0.0, 0.0]]}