{"name": "square", "degree": 3, "CVs": [[1.3865392482358238e-15, 1.9659595857721912, 1.9659580578544973], [1.3648783580291542e-15, 1.8931838953410873, 1.9944894190414657], [1.3428044350016878e-15, 1.7973527908376945, 2.0000000000000004], [1.2642763694336584e-16, -1.8413202760823053, 1.9999999999999996], [9.77222361737649e-17, -1.9198583865474006, 1.9885241026390408], [7.2133846293959e-17, -1.9659565299368023, 1.9659580578544964], [4.6086584981492373e-17, -1.9913629787842204, 1.9137705288758606], [2.6659157682553262e-18, -1.9999984720823052, 1.8093793399999991], [-1.3398872450716284e-15, -1.9999984720823047, -1.8095304960000003], [-1.3656054584642649e-15, -1.9910605260464451, -1.9083280690935587], [-1.3865392482358238e-15, -1.9659565299368018, -1.9659580578544973], [-1.371091907323469e-15, -1.9111434884846248, -1.9904799257103685], [-1.3517399285070706e-15, -1.8240793960823052, -2.0000000000000004], [-1.4028153411070882e-16, 1.7998807439176963, -2.0], [-1.0425654767963085e-16, 1.8986686759310314, -1.991370942394772], [-7.213384629395924e-17, 1.9621848244798077, -1.9677300237396063], [-4.6048533808316175e-17, 1.9904019355962344, -1.9171292660599757], [-6.106323820824584e-18, 2.0000015279176955, -1.8186531079999995], [1.3403998972447318e-15, 2.0000015279176946, 1.8109123720000013], [1.365749629015349e-15, 1.9920298584192064, 1.9077682037995847], [1.3865392482358238e-15, 1.9659595857721912, 1.9659580578544973]]}