{"name": "square", "degree": 3, "form": 1, "knots": [0.0, 0.0, 0.0, 1.0, 2.0, 3.0, 4.0, 5.0, 6.0, 7.0, 8.0, 9.0, 10.0, 11.0, 12.0, 13.0, 14.0, 15.0, 16.0, 17.0, 18.0, 18.0, 18.0], "CVs": [[6.932696241179119e-16, 0.9829797928860956, 0.9829790289272486], [6.824391790145771e-16, 0.9465919476705437, 0.9972447095207329], [6.714022175008439e-16, 0.8986763954188473, 1.0000000000000002], [6.321381847168292e-17, -0.9206601380411527, 0.9999999999999998], [4.886111808688245e-17, -0.9599291932737003, 0.9942620513195204], [3.60669231469795e-17, -0.9829782649684011, 0.9829790289272482], [2.3043292490746187e-17, -0.9956814893921102, 0.9568852644379303], [1.3329578841276631e-18, -0.9999992360411526, 0.9046896699999996], [-6.699436225358142e-16, -0.9999992360411524, -0.9047652480000001], [-6.828027292321324e-16, -0.9955302630232226, -0.9541640345467793], [-6.932696241179119e-16, -0.9829782649684009, -0.9829790289272486], [-6.855459536617345e-16, -0.9555717442423124, -0.9952399628551842], [-6.758699642535353e-16, -0.9120396980411526, -1.0000000000000002], [-7.014076705535441e-17, 0.8999403719588481, -1.0], [-5.2128273839815424e-17, 0.9493343379655157, -0.995685471197386], [-3.606692314697962e-17, 0.9810924122399038, -0.9838650118698031], [-2.3024266904158088e-17, 0.9952009677981172, -0.9585646330299878], [-3.053161910412292e-18, 1.0000007639588477, -0.9093265539999997], [6.701999486223659e-16, 1.0000007639588473, 0.9054561860000007], [6.828748145076745e-16, 0.9960149292096032, 0.9538841018997923], [6.932696241179119e-16, 0.9829797928860956, 0.9829790289272486]]}